gender,first_name,last_name,email,password,phone_number,birth_date,available_for_meeting
1,Reem,Halabi,ReemHalabi101@gmail.com,123123,0957945105,1995-1-12,0
0,Bilal,Saleh,BilalSaleh102@gmail.com,123123,0990076055,1993-9-6,0
0,Moayyad,Koja,MoayyadKoja103@gmail.com,123123,0930784342,1990-10-8,0
0,Bilal,Abd Alrahim,BilalAbdAlrahim104@gmail.com,123123,0937773101,1980-12-27,1
1,Ghofran,Mahmoud,GhofranMahmoud105@gmail.com,123123,095125161,1994-5-25,1
0,Suliman,Zarefa,SulimanZarefa106@gmail.com,123123,0919461604,1988-2-27,0
1,Mariam,Turkman,MariamTurkman107@gmail.com,123123,0971032836,1994-11-23,1
0,Kamel,Abd Almalek,KamelAbdAlmalek108@gmail.com,123123,0910397582,1980-8-18,1
0,Suliman,Ali,SulimanAli109@gmail.com,123123,0915315827,1981-12-2,1
1,haifaa,Abd Alrahim,haifaaAbdAlrahim110@gmail.com,123123,0989553486,1981-4-16,0
1,Nour,Abd Almajeed,NourAbdAlmajeed111@gmail.com,123123,0956497007,1983-3-9,1
1,Fatema,Horani,FatemaHorani112@gmail.com,123123,0952375387,1991-4-9,0
1,Fatema,Halabi,FatemaHalabi113@gmail.com,123123,0970058156,1987-11-6,0
0,Kamel,Mahmoud,KamelMahmoud114@gmail.com,123123,0951744679,1987-7-19,1
1,Reem,Koja,ReemKoja115@gmail.com,123123,0989996204,1982-3-22,0
1,Zainab,Awad,ZainabAwad116@gmail.com,123123,0934871737,1994-4-10,0
1,Reem,Mahmoud,ReemMahmoud117@gmail.com,123123,0958885828,1985-11-13,0
0,Ahmad,Halabi,AhmadHalabi118@gmail.com,123123,0962558090,1992-5-12,1
1,Raghad,AlHelo,RaghadAlHelo119@gmail.com,123123,0964274623,1994-9-24,1
1,Sali,Ali,SaliAli120@gmail.com,123123,0990605315,1990-11-28,1
0,Saeed,Mahmoud,SaeedMahmoud121@gmail.com,123123,094110174,1990-1-9,1
0,Moayyad,Saleh,MoayyadSaleh122@gmail.com,123123,0951610895,1980-10-20,0
1,Reem,AlMasri,ReemAlMasri123@gmail.com,123123,0951579995,1992-12-23,0
0,Abd Allah,Haj,AbdAllahHaj124@gmail.com,123123,0952160960,1993-7-15,0
1,Ghofran,Saleh,GhofranSaleh125@gmail.com,123123,0932383049,1986-2-16,1
0,Ismaiel,AlShami,IsmaielAlShami126@gmail.com,123123,0987602359,1982-12-12,0
0,Ahmad,Haj,AhmadHaj127@gmail.com,123123,0950904605,1985-6-3,0
1,haifaa,Turkman,haifaaTurkman128@gmail.com,123123,0912525015,1986-10-12,0
1,Sali,Mahmoud,SaliMahmoud129@gmail.com,123123,0981307444,1995-4-3,0
1,Sali,AlHelo,SaliAlHelo130@gmail.com,123123,0948287728,1986-6-14,1
1,Batoul,Turkman,BatoulTurkman131@gmail.com,123123,0963734434,1989-11-19,1
1,Hiba,Homsi,HibaHomsi132@gmail.com,123123,0951058741,1990-11-22,1
1,Hiba,Shamma,HibaShamma133@gmail.com,123123,0990713572,1989-12-13,1
1,Fatema,Saleh,FatemaSaleh134@gmail.com,123123,0995656001,1988-9-23,0
0,Saeed,Horani,SaeedHorani135@gmail.com,123123,0976907690,1985-2-9,0
0,Fadi,Ali,FadiAli136@gmail.com,123123,0957910362,1986-8-4,1
1,Laila,Halabi,LailaHalabi137@gmail.com,123123,0926124423,1981-12-16,1
1,Lilian,Ahmad,LilianAhmad138@gmail.com,123123,092379229,1987-9-4,0
1,Zainab,AlHelo,ZainabAlHelo139@gmail.com,123123,0983283394,1982-1-17,1
1,Lilian,Horani,LilianHorani140@gmail.com,123123,0943622564,1991-11-7,1
1,Asmaa,Shamma,AsmaaShamma141@gmail.com,123123,0982257675,1983-12-2,1
1,Lilian,Saleh,LilianSaleh142@gmail.com,123123,0959984802,1993-7-4,0
1,Reem,Shamma,ReemShamma143@gmail.com,123123,0923588507,1980-5-28,1
1,Layan,Halabi,LayanHalabi144@gmail.com,123123,0913043349,1981-1-14,1
1,Sali,Haj,SaliHaj145@gmail.com,123123,0939879595,1991-8-20,1
0,Suliman,Saleh,SulimanSaleh146@gmail.com,123123,0951230656,1989-2-14,0
0,Saeed,AlMasri,SaeedAlMasri147@gmail.com,123123,0965204880,1986-10-7,1
0,Suliman,Abd Almajeed,SulimanAbdAlmajeed148@gmail.com,123123,0990857153,1983-12-27,1
1,Judy,AlMasri,JudyAlMasri149@gmail.com,123123,0934883134,1991-6-23,0
1,Ghofran,Ali,GhofranAli150@gmail.com,123123,0995708128,1993-6-1,1
1,Hiba,Abd Almalek,HibaAbdAlmalek151@gmail.com,123123,0910504253,1994-5-21,1
0,Mustafa,Shamma,MustafaShamma152@gmail.com,123123,0951644959,1994-4-15,0
0,Khaled,Kurdi,KhaledKurdi153@gmail.com,123123,0964105654,1993-11-28,1
1,Reem,Koja,ReemKoja154@gmail.com,123123,0948319989,1991-2-28,0
1,Aya,Mohammad,AyaMohammad155@gmail.com,123123,0988226892,1994-9-4,0
1,Reem,Homsi,ReemHomsi156@gmail.com,123123,0955192154,1994-4-14,1
0,Abd Allah,Mohammad,AbdAllahMohammad157@gmail.com,123123,0976855485,1995-1-27,0
1,Reem,Abd Almalek,ReemAbdAlmalek158@gmail.com,123123,0946003160,1994-10-24,0
1,Nour,Shamma,NourShamma159@gmail.com,123123,0977282252,1988-3-5,0
1,Raghad,Saleh,RaghadSaleh160@gmail.com,123123,0962846980,1984-4-11,0
1,Mariam,Halabi,MariamHalabi161@gmail.com,123123,0912746531,1982-1-26,0
0,Saeed,AlHelo,SaeedAlHelo162@gmail.com,123123,0999350129,1980-5-10,1
1,Lilian,Mohammad,LilianMohammad163@gmail.com,123123,0917135512,1993-11-13,0
1,Zainab,Awad,ZainabAwad164@gmail.com,123123,0922350874,1987-3-14,1
1,Asmaa,Habib,AsmaaHabib165@gmail.com,123123,092186169,1993-3-19,0
0,Suliman,Ahmad,SulimanAhmad166@gmail.com,123123,0917504095,1987-11-13,0
0,Ahmad,Abd Almajeed,AhmadAbdAlmajeed167@gmail.com,123123,0941310163,1987-1-14,1
0,Saeed,Habib,SaeedHabib168@gmail.com,123123,0985512329,1985-10-21,1
0,Suliman,Homsi,SulimanHomsi169@gmail.com,123123,0964405189,1986-8-15,0
1,Sali,Homsi,SaliHomsi170@gmail.com,123123,0940881857,1990-8-22,1
1,Lilian,Shamma,LilianShamma171@gmail.com,123123,0947456100,1988-11-19,1
0,Ahmad,Shamma,AhmadShamma172@gmail.com,123123,0962055022,1988-11-8,1
1,Raghad,Ali,RaghadAli173@gmail.com,123123,0953817966,1994-10-26,0
1,Sedra,Homsi,SedraHomsi174@gmail.com,123123,0934384527,1981-3-22,0
0,Fadi,Haj,FadiHaj175@gmail.com,123123,0936674048,1988-12-23,0
0,Khaled,Abd Almalek,KhaledAbdAlmalek176@gmail.com,123123,0937781514,1986-4-5,0
1,haifaa,Turkman,haifaaTurkman177@gmail.com,123123,0913086274,1992-8-14,1
0,Kamel,Ibrahim,KamelIbrahim178@gmail.com,123123,0943393392,1985-12-3,1
1,Raghad,Ali,RaghadAli179@gmail.com,123123,0911842312,1995-2-13,1
0,Issam,Horani,IssamHorani180@gmail.com,123123,0969594205,1986-6-10,1
0,Ahmad,Koja,AhmadKoja181@gmail.com,123123,0964199323,1985-11-25,1
1,Fatema,Saleh,FatemaSaleh182@gmail.com,123123,0989252598,1990-7-19,0
0,Mazen,Zarefa,MazenZarefa183@gmail.com,123123,0978438459,1988-11-13,1
1,Judy,Shamma,JudyShamma184@gmail.com,123123,0923194837,1990-7-1,1
1,Layan,Koja,LayanKoja185@gmail.com,123123,0996058223,1993-6-22,1
1,Sara,AlMasri,SaraAlMasri186@gmail.com,123123,0994356305,1983-6-10,0
1,Sali,Ali,SaliAli187@gmail.com,123123,0983305251,1993-12-13,1
0,Abd Allah,Mohammad,AbdAllahMohammad188@gmail.com,123123,0957318528,1991-1-14,0
1,Batoul,Abd Almajeed,BatoulAbdAlmajeed189@gmail.com,123123,092581424,1985-7-28,0
0,Khaled,Ahmad,KhaledAhmad190@gmail.com,123123,0964879653,1989-11-20,0
0,Munzer,Mahmoud,MunzerMahmoud191@gmail.com,123123,098866059,1993-10-19,0
1,Lilian,AlHelo,LilianAlHelo192@gmail.com,123123,0935350833,1991-3-12,1
0,Bilal,Haj,BilalHaj193@gmail.com,123123,0953700969,1989-1-14,1
1,Aya,Ali,AyaAli194@gmail.com,123123,0953152274,1982-5-22,0
1,Judy,Koja,JudyKoja195@gmail.com,123123,0959496318,1995-12-28,0
0,Ismaiel,Awad,IsmaielAwad196@gmail.com,123123,0927659712,1982-2-24,1
0,Mohammad,Homsi,MohammadHomsi197@gmail.com,123123,0950505280,1992-10-16,1
0,Suliman,AlMasri,SulimanAlMasri198@gmail.com,123123,0957749228,1988-6-8,0
0,Moayyad,Abd Alrahim,MoayyadAbdAlrahim199@gmail.com,123123,095100410,1991-4-23,0
0,Suliman,Zarefa,SulimanZarefa200@gmail.com,123123,0976657951,1988-12-26,0
